<?xml version="1.0" encoding="UTF-8"?>
<root>
  <item name="com.blankj.subutil.util.ThreadPoolUtils ThreadPoolUtils(int, int) 0">
    <annotation name="android.support.annotation.IntDef">
      <val name="value" val="{com.blankj.subutil.util.ThreadPoolUtils.FixedThread, com.blankj.subutil.util.ThreadPoolUtils.CachedThread, com.blankj.subutil.util.ThreadPoolUtils.SingleThread}" />
    </annotation>
  </item>
  <item name="com.blankj.subutil.util.ThreadPoolUtils.Type">
    <annotation name="android.support.annotation.IntDef">
      <val name="value" val="{com.blankj.subutil.util.ThreadPoolUtils.FixedThread, com.blankj.subutil.util.ThreadPoolUtils.CachedThread, com.blankj.subutil.util.ThreadPoolUtils.SingleThread}" />
    </annotation>
  </item>
</root>

